EmployeeID,FullName
101,John Smith
102,Sarah Johnson
103,Michael Davis
104,Emily Wilson
105,Robert Anderson
106,Olivia Thompson
107,David Martinez
108,Sophia Lee
109,James Rodriguez
110,Emma Taylor
111,William Hernandez
112,Isabella Moore
113,Aiden Brown
114,Mia Clark
115,Liam Lewis
116,Sofia Green
117,Noah Baker
118,Ava Gonzalez
119,Lucas Martinez
120,Charlotte Hill
121,Harper Collins
122,Emma Adams
123,Liam Turner
124,Olivia Harris
125,Noah Butler
126,Sophia Bell
127,Lucas Carter
128,Ava Anderson
129,James Walker
130,Olivia Richardson
131,Benjamin Wright
132,Sophia Rodriguez
133,Lucas Turner
134,Emma Davis
135,Noah Hernandez
136,Ava Wilson
137,Liam Adams
138,Emily Moore
139,William Phillips
140,Sophia Anderson
141,Charlotte Thompson
142,Aiden Harris
143,Liam Turner
144,Olivia Adams
145,Noah Richardson
146,Sophia Walker
147,Lucas Clark
148,Emily Hill
149,William Baker
150,Ava Gonzalez
